,Ticker,2023-12-31,2023-11-30,2023-10-31,2023-09-30,2023-08-31,2023-07-31,2023-06-30,2023-05-31,2023-04-30,2023-03-31,2023-02-28,2023-01-31,2022-12-31,2022-11-30,2022-10-31,2022-09-30,2022-08-31,2022-07-31,2022-06-30,2022-05-31,2022-04-30,2022-03-31,2022-02-28,2022-01-31,2021-12-31,2021-11-30,2021-10-31,2021-09-30,2021-08-31,2021-07-31,2021-06-30,2021-05-31,2021-04-30,2021-03-31,2021-02-28,2021-01-31,2020-12-31,2020-11-30,2020-10-31,2020-09-30,2020-08-31,2020-07-31,2020-06-30,2020-05-31,2020-04-30,2020-03-31,2020-02-29
0,LIN,,,,,,,,,,,,,5691000000.0,,,,,,,,,,,,6639000000.0,,,,,,,,,,,,4029000000.0,,,,,,,,,,
1,CCL,,997000000.0,,,,,,,,,,,,-6610000000.0,,,,,,,,,,,,-7716000000.0,,,,,,,,,,,,-9921000000.0,,,,,,,,,
2,CUK,,997000000.0,,,,,,,,,,,,-6610000000.0,,,,,,,,,,,,-7716000000.0,,,,,,,,,,,,-9921000000.0,,,,,,,,,
3,CUKPF,,997000000.0,,,,,,,,,,,,-6610000000.0,,,,,,,,,,,,-7716000000.0,,,,,,,,,,,,-9921000000.0,,,,,,,,,
4,STE,,,,,,,,,,394978000.0,,,,,,,,,,,,397248000.0,,,,,,,,,,,,450378000.0,,,,,,,,,,,,376043000.0,
5,MMM,5065000000.0,,,,,,,,,,,,3842000000.0,,,,,,,,,,,,5851000000.0,,,,,,,,,,,,6612000000.0,,,,,,,,,,
6,AXP,,,,,,,,,,,,,19224000000.0,,,,,,,,,,,,13095000000.0,,,,,,,,,,,,4113000000.0,,,,,,,,,,
7,AAPL,,,,99584000000.0,,,,,,,,,,,,111443000000.0,,,,,,,,,,,,92953000000.0,,,,,,,,,,,,73365000000.0,,,,,,,
8,BA,4433000000.0,,,,,,,,,,,,2290000000.0,,,,,,,,,,,,-4396000000.0,,,,,,,,,,,,-19713000000.0,,,,,,,,,,
9,CAT,,,,,,,,,,,,,5167000000.0,,,,,,,,,,,,4726000000.0,,,,,,,,,,,,4212000000.0,,,,,,,,,,
10,CVX,,,,,,,,,,,,,37628000000.0,,,,,,,,,,,,21131000000.0,,,,,,,,,,,,1655000000.0,,,,,,,,,,
11,CSCO,,,,,,19037000000.0,,,,,,,,,,,,12749000000.0,,,,,,,,,,,,14762000000.0,,,,,,,,,,,,14656000000.0,,,,,
12,KO,,,,,,,,,,,,,9534000000.0,,,,,,,,,,,,11258000000.0,,,,,,,,,,,,8667000000.0,,,,,,,,,,
13,DD,,,,,,,,,,,,,-155000000.0,,,,,,,,,,,,-956000000.0,,,,,,,,,,,,2831000000.0,,,,,,,,,,
14,XOM,,,,,,,,,,,,,58390000000.0,,,,,,,,,,,,36053000000.0,,,,,,,,,,,,-2614000000.0,,,,,,,,,,
15,GS-PK,,,,,,,,,,,,,4960000000.0,,,,,,,,,,,,1631000000.0,,,,,,,,,,,,-24844000000.0,,,,,,,,,,
16,GS,,,,,,,,,,,,,4960000000.0,,,,,,,,,,,,1631000000.0,,,,,,,,,,,,-24844000000.0,,,,,,,,,,
17,HD,,,,,,,,,,,,11496000000.0,,,,,,,,,,,,14005000000.0,,,,,,,,,,,,16376000000.0,,,,,,,,,,,
18,IBM,,,,,,,,,,,,,8463000000.0,,,,,,,,,,,,10028000000.0,,,,,,,,,,,,14967000000.0,,,,,,,,,,
19,INTC,-14279000000.0,,,,,,,,,,,,-9617000000.0,,,,,,,,,,,,9127000000.0,,,,,,,,,,,,20931000000.0,,,,,,,,,,
20,JNJ,,,,,,,,,,,,,17185000000.0,,,,,,,,,,,,19758000000.0,,,,,,,,,,,,20189000000.0,,,,,,,,,,
21,JPM,,,,,,,,,,,,,107119000000.0,,,,,,,,,,,,78084000000.0,,,,,,,,,,,,-79910000000.0,,,,,,,,,,
22,MCD,,,,,,,,,,,,,5487500000.0,,,,,,,,,,,,7101500000.0,,,,,,,,,,,,4624400000.0,,,,,,,,,,
23,NKE,,,,,,,,4872000000.0,,,,,,,,,,,,4430000000.0,,,,,,,,,,,,5962000000.0,,,,,,,,,,,,1399000000.0,,,
24,MRK,,,,,,,,,,,,,14707000000.0,,,,,,,,,,,,9661000000.0,,,,,,,,,,,,5824000000.0,,,,,,,,,,
25,MSFT,,,,,,,59475000000.0,,,,,,,,,,,,65149000000.0,,,,,,,,,,,,56118000000.0,,,,,,,,,,,,45234000000.0,,,,
26,PFE,,,,,,,,,,,,,26031000000.0,,,,,,,,,,,,29869000000.0,,,,,,,,,,,,12177000000.0,,,,,,,,,,
27,PG,,,,,,,13786000000.0,,,,,,,,,,,,13567000000.0,,,,,,,,,,,,15584000000.0,,,,,,,,,,,,14330000000.0,,,,
28,TRV,,,,,,,,,,,,,6465000000.0,,,,,,,,,,,,7274000000.0,,,,,,,,,,,,6519000000.0,,,,,,,,,,
29,UNH,,,,,,,,,,,,,23404000000.0,,,,,,,,,,,,19889000000.0,,,,,,,,,,,,20123000000.0,,,,,,,,,,
30,VZ,,,,,,,,,,,,,10401000000.0,,,,,,,,,,,,-28343000000.0,,,,,,,,,,,,19680000000.0,,,,,,,,,,
31,V,,,,19696000000.0,,,,,,,,,,,,17879000000.0,,,,,,,,,,,,14522000000.0,,,,,,,,,,,,9704000000.0,,,,,,,
32,WMT,,,,,,,,,,,,11984000000.0,,,,,,,,,,,,11075000000.0,,,,,,,,,,,,25810000000.0,,,,,,,,,,,
33,WBA,,,,,141000000.0,,,,,,,,,,,,2165000000.0,,,,,,,,,,,,4176000000.0,,,,,,,,,,,,4110000000.0,,,,,,
34,DIS,,,,4897000000.0,,,,,,,,,,,,1067000000.0,,,,,,,,,,,,1989000000.0,,,,,,,,,,,,3596000000.0,,,,,,,
35,ADBE,,6942000000.0,,,,,,,,,,,,7396000000.0,,,,,,,,,,,,6882000000.0,,,,,,,,,,,,5308000000.0,,,,,,,,,
36,AKAM,,,,,,,,,,,,,816374000.0,,,,,,,,,,,,859333000.0,,,,,,,,,,,,483128000.0,,,,,,,,,,
37,GOOGL,69495000000.0,,,,,,,,,,,,60010000000.0,,,,,,,,,,,,67012000000.0,,,,,,,,,,,,42843000000.0,,,,,,,,,,
38,GOOG,69495000000.0,,,,,,,,,,,,60010000000.0,,,,,,,,,,,,67012000000.0,,,,,,,,,,,,42843000000.0,,,,,,,,,,
39,AMZN,32217000000.0,,,,,,,,,,,,-16893000000.0,,,,,,,,,,,,-14726000000.0,,,,,,,,,,,,25924000000.0,,,,,,,,,,
40,AAL,,,,,,,,,,,,,-733000000.0,,,,,,,,,,,,292000000.0,,,,,,,,,,,,-8674000000.0,,,,,,,,,,
41,AMGN,,,,,,,,,,,,,8785000000.0,,,,,,,,,,,,8381000000.0,,,,,,,,,,,,9889000000.0,,,,,,,,,,
42,ADI,,,3556171000.0,,,,,,,,,,,,3776094000.0,,,,,,,,,,,,2391393000.0,,,,,,,,,,,,1842795000.0,,,,,,,,
43,AMAT,,,7594000000.0,,,,,,,,,,,,4612000000.0,,,,,,,,,,,,4774000000.0,,,,,,,,,,,,3382000000.0,,,,,,,,
44,ADSK,,,,,,,,,,,,2025000000.0,,,,,,,,,,,,1464000000.0,,,,,,,,,,,,1341000000.0,,,,,,,,,,,
45,ADP,,,,,,,3636000000.0,,,,,,,,,,,,2546100000.0,,,,,,,,,,,,2587400000.0,,,,,,,,,,,,2409800000.0,,,,
46,BIIB,,,,,,,,,,,,,1141100000.0,,,,,,,,,,,,3345000000.0,,,,,,,,,,,,3678000000.0,,,,,,,,,,
47,CHTR,3490000000.0,,,,,,,,,,,,6102000000.0,,,,,,,,,,,,8684000000.0,,,,,,,,,,,,6606000000.0,,,,,,,,,,
48,CTSH,,,,,,,,,,,,,2236000000.0,,,,,,,,,,,,2216000000.0,,,,,,,,,,,,2901000000.0,,,,,,,,,,
49,CMCSA,12961000000.0,,,,,,,,,,,,12646000000.0,,,,,,,,,,,,17089000000.0,,,,,,,,,,,,13103000000.0,,,,,,,,,,
50,COST,,,,,6745000000.0,,,,,,,,,,,,3501000000.0,,,,,,,,,,,,5370000000.0,,,,,,,,,,,,6051000000.0,,,,,,
51,CSX,,,,,,,,,,,,,3486000000.0,,,,,,,,,,,,3308000000.0,,,,,,,,,,,,2637000000.0,,,,,,,,,,
52,XRAY,,,,,,,,,,,,,368000000.0,,,,,,,,,,,,515000000.0,,,,,,,,,,,,562000000.0,,,,,,,,,,
53,DISH,,,,,,,,,,,,,-7826376000.0,,,,,,,,,,,,1945067000.0,,,,,,,,,,,,731728000.0,,,,,,,,,,
54,DLTR,,,,,,,,,,,,361000000.0,,,,,,,,,,,,408700000.0,,,,,,,,,,,,1817500000.0,,,,,,,,,,,
55,EBAY,,,,,,,,,,,,,1805000000.0,,,,,,,,,,,,2213000000.0,,,,,,,,,,,,1956000000.0,,,,,,,,,,
56,EA,,,,,,,,,,1343000000.0,,,,,,,,,,,,1711000000.0,,,,,,,,,,,,1810000000.0,,,,,,,,,,,,1657000000.0,
57,EXPE,,,,,,,,,,,,,2778000000.0,,,,,,,,,,,,3075000000.0,,,,,,,,,,,,-4631000000.0,,,,,,,,,,
58,FAST,1259900000.0,,,,,,,,,,,,767200000.0,,,,,,,,,,,,613500000.0,,,,,,,,,,,,933700000.0,,,,,,,,,,
59,GILD,,,,,,,,,,,,,8344000000.0,,,,,,,,,,,,10805000000.0,,,,,,,,,,,,7518000000.0,,,,,,,,,,
60,HSIC,,,,,,,,,,,,,506000000.0,,,,,,,,,,,,631000000.0,,,,,,,,,,,,550081000.0,,,,,,,,,,
61,ILMN,,,,,,,,,,,,,-74000000.0,,,,,,,,,,,,337000000.0,,,,,,,,,,,,891000000.0,,,,,,,,,,
62,INCY,,,,,,,,,,,,,892108000.0,,,,,,,,,,,,568482000.0,,,,,,,,,,,,-311978000.0,,,,,,,,,,
63,INTU,,,,,,4786000000.0,,,,,,,,,,,,3660000000.0,,,,,,,,,,,,3125000000.0,,,,,,,,,,,,2277000000.0,,,,,
64,ISRG,749600000.0,,,,,,,,,,,,958400000.0,,,,,,,,,,,,1749900000.0,,,,,,,,,,,,1143300000.0,,,,,,,,,,
65,KHC,,,,,,,,,,,,,1553000000.0,,,,,,,,,,,,4459000000.0,,,,,,,,,,,,4333000000.0,,,,,,,,,,
66,LRCX,,,,,,,4677370000.0,,,,,,,,,,,,2553640000.0,,,,,,,,,,,,3239067000.0,,,,,,,,,,,,1923212000.0,,,,
67,MAR,,,,,,,,,,,,,2031000000.0,,,,,,,,,,,,994000000.0,,,,,,,,,,,,1504000000.0,,,,,,,,,,
68,MCHP,,,,,,,,,,3134800000.0,,,,,,,,,,,,2472600000.0,,,,,,,,,,,,1823900000.0,,,,,,,,,,,,1476200000.0,
69,MU,,,,,-6117000000.0,,,,,,,,,,,,3114000000.0,,,,,,,,,,,,2438000000.0,,,,,,,,,,,,83000000.0,,,,,,
70,MDLZ,3602000000.0,,,,,,,,,,,,3002000000.0,,,,,,,,,,,,3176000000.0,,,,,,,,,,,,3101000000.0,,,,,,,,,,
71,MNST,,,,,,,,,,,,,675546000.0,,,,,,,,,,,,1098288000.0,,,,,,,,,,,,1296891000.0,,,,,,,,,,
72,NTAP,,,,,,,,,868000000.0,,,,,,,,,,,,985000000.0,,,,,,,,,,,,1171000000.0,,,,,,,,,,,,936000000.0,,
73,NFLX,6925749000.0,,,,,,,,,,,,1618528000.0,,,,,,,,,,,,-131975000.0,,,,,,,,,,,,1929154000.0,,,,,,,,,,
74,NVDA,,,,,,,,,,,,3808000000.0,,,,,,,,,,,,8132000000.0,,,,,,,,,,,,4694000000.0,,,,,,,,,,,
75,NXPI,,,,,,,,,,,,,2668000000.0,,,,,,,,,,,,2145000000.0,,,,,,,,,,,,1960000000.0,,,,,,,,,,
76,ORLY,,,,,,,,,,,,,2584908000.0,,,,,,,,,,,,2764457000.0,,,,,,,,,,,,2371024000.0,,,,,,,,,,
77,PCAR,,,,,,,,,,,,,1636500000.0,,,,,,,,,,,,553900000.0,,,,,,,,,,,,1348800000.0,,,,,,,,,,
78,PAYX,,,,,,,,1556400000.0,,,,,,,,,,,,1371700000.0,,,,,,,,,,,,1141900000.0,,,,,,,,,,,,1313900000.0,,,
79,PYPL,4220000000.0,,,,,,,,,,,,5107000000.0,,,,,,,,,,,,4889000000.0,,,,,,,,,,,,5353000000.0,,,,,,,,,,
80,QCOM,,,,9849000000.0,,,,,,,,,,,,6834000000.0,,,,,,,,,,,,8648000000.0,,,,,,,,,,,,4407000000.0,,,,,,,
81,REGN,3667600000.0,,,,,,,,,,,,3398000000.0,,,,,,,,,,,,6529400000.0,,,,,,,,,,,,2003500000.0,,,,,,,,,,
82,ROST,,,,,,,,,,,,1035303000.0,,,,,,,,,,,,1181009000.0,,,,,,,,,,,,1840500000.0,,,,,,,,,,,
83,STX,,,,,,,626000000.0,,,,,,,,,,,,1276000000.0,,,,,,,,,,,,1128000000.0,,,,,,,,,,,,1129000000.0,,,,
84,SWKS,,,,1620300000.0,,,,,,,,,,,,914900000.0,,,,,,,,,,,,1119900000.0,,,,,,,,,,,,806000000.0,,,,,,,
85,SBUX,,,,3675100000.0,,,,,,,,,,,,2556000000.0,,,,,,,,,,,,4519100000.0,,,,,,,,,,,,114200000.0,,,,,,,
86,TMUS,7748000000.0,,,,,,,,,,,,-520000000.0,,,,,,,,,,,,-7775000000.0,,,,,,,,,,,,-3727000000.0,,,,,,,,,,
87,TSLA,4357000000.0,,,,,,,,,,,,7552000000.0,,,,,,,,,,,,3483000000.0,,,,,,,,,,,,2701000000.0,,,,,,,,,,
88,TXN,1349000000.0,,,,,,,,,,,,5923000000.0,,,,,,,,,,,,6294000000.0,,,,,,,,,,,,5490000000.0,,,,,,,,,,
89,TSCO,,,,,,,,,,,,,583610000.0,,,,,,,,,,,,510289000.0,,,,,,,,,,,,1100513000.0,,,,,,,,,,
90,ULTA,,,,,,,,,,,,1169789000.0,,,,,,,,,,,,887078000.0,,,,,,,,,,,,658489000.0,,,,,,,,,,,
91,VRSK,,,,,,,,,,,,,784300000.0,,,,,,,,,,,,887300000.0,,,,,,,,,,,,821400000.0,,,,,,,,,,
92,VRTX,,,,,,,,,,,,,3925200000.0,,,,,,,,,,,,2408500000.0,,,,,,,,,,,,2993700000.0,,,,,,,,,,
93,WDC,,,,,,,-1229000000.0,,,,,,,,,,,,758000000.0,,,,,,,,,,,,752000000.0,,,,,,,,,,,,177000000.0,,,,
94,ABT,,,,,,,,,,,,,7804000000.0,,,,,,,,,,,,8648000000.0,,,,,,,,,,,,5724000000.0,,,,,,,,,,
95,ABBV,,,,,,,,,,,,,24248000000.0,,,,,,,,,,,,21990000000.0,,,,,,,,,,,,16790000000.0,,,,,,,,,,
96,ACN,,,,,8996096000.0,,,,,,,,,,,,8823131000.0,,,,,,,,,,,,8395016000.0,,,,,,,,,,,,7616020000.0,,,,,,
97,ALL,,,,,,,,,,,,,4701000000.0,,,,,,,,,,,,4771000000.0,,,,,,,,,,,,5183000000.0,,,,,,,,,,
98,MO,,,,,,,,,,,,,8051000000.0,,,,,,,,,,,,8236000000.0,,,,,,,,,,,,8154000000.0,,,,,,,,,,
99,AIG,,,,,,,,,,,,,4207000000.0,,,,,,,,,,,,6279000000.0,,,,,,,,,,,,1038000000.0,,,,,,,,,,
100,T,,,,,,,,,,,,,12397000000.0,,,,,,,,,,,,26413000000.0,,,,,,,,,,,,27455000000.0,,,,,,,,,,
101,BAC,,,,,,,,,,,,,-6327000000.0,,,,,,,,,,,,-7193000000.0,,,,,,,,,,,,37993000000.0,,,,,,,,,,
102,BK,,,,,,,,,,,,,13722000000.0,,,,,,,,,,,,1623000000.0,,,,,,,,,,,,3816000000.0,,,,,,,,,,
103,BRK-B,,,,,,,,,,,,,21760000000.0,,,,,,,,,,,,26145000000.0,,,,,,,,,,,,26761000000.0,,,,,,,,,,
104,BLK,,,,,,,,,,,,,4423000000.0,,,,,,,,,,,,4603000000.0,,,,,,,,,,,,3549000000.0,,,,,,,,,,
105,BKNG,,,,,,,,,,,,,6186000000.0,,,,,,,,,,,,2516000000.0,,,,,,,,,,,,-201000000.0,,,,,,,,,,
106,BMY,,,,,,,,,,,,,11948000000.0,,,,,,,,,,,,15234000000.0,,,,,,,,,,,,13299000000.0,,,,,,,,,,
107,BMYMP,,,,,,,,,,,,,11948000000.0,,,,,,,,,,,,15234000000.0,,,,,,,,,,,,13299000000.0,,,,,,,,,,
108,COF,,,,,,,,,,,,,12875000000.0,,,,,,,,,,,,11612000000.0,,,,,,,,,,,,15989000000.0,,,,,,,,,,
109,C,,,,,,,,,,,,,19437000000.0,,,,,,,,,,,,42971000000.0,,,,,,,,,,,,-26934000000.0,,,,,,,,,,
110,CL,,,,,,,,,,,,,1860000000.0,,,,,,,,,,,,2758000000.0,,,,,,,,,,,,3309000000.0,,,,,,,,,,
111,COP,,,,,,,,,,,,,18155000000.0,,,,,,,,,,,,11672000000.0,,,,,,,,,,,,87000000.0,,,,,,,,,,
112,CVS,10395000000.0,,,,,,,,,,,,13450000000.0,,,,,,,,,,,,15745000000.0,,,,,,,,,,,,13428000000.0,,,,,,,,,,
113,DHR,,,,,,,,,,,,,7367000000.0,,,,,,,,,,,,7064000000.0,,,,,,,,,,,,5417000000.0,,,,,,,,,,
114,DUK,,,,,,,,,,,,,-5440000000.0,,,,,,,,,,,,-1425000000.0,,,,,,,,,,,,-1051000000.0,,,,,,,,,,
115,LLY,,,,,,,,,,,,,4600400000.0,,,,,,,,,,,,5387500000.0,,,,,,,,,,,,4470500000.0,,,,,,,,,,
116,EMR,,,,274000000.0,,,,,,,,,,,,2623000000.0,,,,,,,,,,,,3171000000.0,,,,,,,,,,,,2545000000.0,,,,,,,
117,EXC,,,,,,,,,,,,,-2277000000.0,,,,,,,,,,,,-4969000000.0,,,,,,,,,,,,-3813000000.0,,,,,,,,,,
118,FDX,,,,,,,,2674000000.0,,,,,,,,,,,,3069000000.0,,,,,,,,,,,,4251000000.0,,,,,,,,,,,,-771000000.0,,,
119,F,6682000000.0,,,,,,,,,,,,-13000000.0,,,,,,,,,,,,9560000000.0,,,,,,,,,,,,18527000000.0,,,,,,,,,,
120,GE,3584000000.0,,,,,,,,,,,,4742000000.0,,,,,,,,,,,,2368000000.0,,,,,,,,,,,,1838000000.0,,,,,,,,,,
121,GM,-3680000000.0,,,,,,,,,,,,-5144000000.0,,,,,,,,,,,,-6923000000.0,,,,,,,,,,,,-3863000000.0,,,,,,,,,,
122,HON,,,,,,,,,,,,,4508000000.0,,,,,,,,,,,,5143000000.0,,,,,,,,,,,,5302000000.0,,,,,,,,,,
123,KMI,,,,,,,,,,,,,3346000000.0,,,,,,,,,,,,4427000000.0,,,,,,,,,,,,2843000000.0,,,,,,,,,,
124,LOW,,,,,,,,,,,,6760000000.0,,,,,,,,,,,,8260000000.0,,,,,,,,,,,,9258000000.0,,,,,,,,,,,
125,MA,,,,,,,,,,,,,10098000000.0,,,,,,,,,,,,8649000000.0,,,,,,,,,,,,6516000000.0,,,,,,,,,,
126,MDT,,,,,,,,,4580000000.0,,,,,,,,,,,,5978000000.0,,,,,,,,,,,,4885000000.0,,,,,,,,,,,,6021000000.0,,
127,MET,,,,,,,,,,,,,13204000000.0,,,,,,,,,,,,12596000000.0,,,,,,,,,,,,11639000000.0,,,,,,,,,,
128,MS,,,,,,,,,,,,,-9475000000.0,,,,,,,,,,,,31663000000.0,,,,,,,,,,,,-26675000000.0,,,,,,,,,,
129,NEE,,,,,,,,,,,,,-1480000000.0,,,,,,,,,,,,-277000000.0,,,,,,,,,,,,224000000.0,,,,,,,,,,
130,OXY,,,,,,,,,,,,,12460000000.0,,,,,,,,,,,,7661000000.0,,,,,,,,,,,,901000000.0,,,,,,,,,,
131,ORCL,,,,,,,,8470000000.0,,,,,,,,,,,,5028000000.0,,,,,,,,,,,,13752000000.0,,,,,,,,,,,,11575000000.0,,,
132,OCLCF,,,,,,,,66967000000.0,,,,,,,,,,,,52696000000.0,,,,,,,,,,,,65050000000.0,,,,,,,,,,,,41601000000.0,,,
133,PM,7883000000.0,,,,,,,,,,,,9726000000.0,,,,,,,,,,,,11219000000.0,,,,,,,,,,,,9210000000.0,,,,,,,,,,
134,RTX,4717000000.0,,,,,,,,,,,,4393000000.0,,,,,,,,,,,,4629000000.0,,,,,,,,,,,,1639000000.0,,,,,,,,,,
135,SLB,4545000000.0,,,,,,,,,,,,2005000000.0,,,,,,,,,,,,3471000000.0,,,,,,,,,,,,1727000000.0,,,,,,,,,,
136,SPG,,,,,,,,,,,,,3116580000.0,,,,,,,,,,,,3109467000.0,,,,,,,,,,,,1842579000.0,,,,,,,,,,
137,SO,,,,,,,,,,,,,-1621000000.0,,,,,,,,,,,,-1417000000.0,,,,,,,,,,,,-745000000.0,,,,,,,,,,
138,TGT,,,,,,,,,,,,-1510000000.0,,,,,,,,,,,,5081000000.0,,,,,,,,,,,,7876000000.0,,,,,,,,,,,
139,UNP,,,,,,,,,,,,,5742000000.0,,,,,,,,,,,,6096000000.0,,,,,,,,,,,,5613000000.0,,,,,,,,,,
140,UPS,,,,,,,,,,,,,9335000000.0,,,,,,,,,,,,10813000000.0,,,,,,,,,,,,5047000000.0,,,,,,,,,,
141,USB,,,,,,,,,,,,,21119000000.0,,,,,,,,,,,,9870000000.0,,,,,,,,,,,,3716000000.0,,,,,,,,,,
142,WFC,,,,,,,,,,,,,27048000000.0,,,,,,,,,,,,-11525000000.0,,,,,,,,,,,,2051000000.0,,,,,,,,,,
143,ABMD,,,,,,,,,,,,,,,,,,,,,,249627000.0,,,,,,,,,,,,221195000.0,,,,,,,,,,,,270914000.0,
144,AAP,,,,,,,,,,,,,296261000.0,,,,,,,,,,,,822623000.0,,,,,,,,,,,,701882000.0,,,,,,,,,,
145,AMD,1121000000.0,,,,,,,,,,,,3115000000.0,,,,,,,,,,,,3220000000.0,,,,,,,,,,,,777000000.0,,,,,,,,,,
146,AES,,,,,,,,,,,,,-1836000000.0,,,,,,,,,,,,-214000000.0,,,,,,,,,,,,855000000.0,,,,,,,,,,
147,AFL,,,,,,,,,,,,,3879000000.0,,,,,,,,,,,,5051000000.0,,,,,,,,,,,,5958000000.0,,,,,,,,,,
148,A,,,1474000000.0,,,,,,,,,,,,1021000000.0,,,,,,,,,,,,1297000000.0,,,,,,,,,,,,802000000.0,,,,,,,,
149,APD,,,,-1420100000.0,,,,,,,,,,,,303700000.0,,,,,,,,,,,,877700000.0,,,,,,,,,,,,755700000.0,,,,,,,
150,ALK,,,,,,,,,,,,,-253000000.0,,,,,,,,,,,,738000000.0,,,,,,,,,,,,-456000000.0,,,,,,,,,,
151,ALB,,,,,,,,,,,,,646203000.0,,,,,,,,,,,,-609410000.0,,,,,,,,,,,,-51563000.0,,,,,,,,,,
152,ARE,1630550000.0,,,,,,,,,,,,1294321000.0,,,,,,,,,,,,1010197000.0,,,,,,,,,,,,882510000.0,,,,,,,,,,
153,ALGN,,,,,,,,,,,,,276832000.0,,,,,,,,,,,,771446000.0,,,,,,,,,,,,507258000.0,,,,,,,,,,
154,ALLE,,,,,,,,,,,,,395500000.0,,,,,,,,,,,,443200000.0,,,,,,,,,,,,443200000.0,,,,,,,,,,
155,AEE,,,,,,,,,,,,,-1117000000.0,,,,,,,,,,,,-1862000000.0,,,,,,,,,,,,-1572000000.0,,,,,,,,,,
156,AEP,,,,,,,,,,,,,-1484400000.0,,,,,,,,,,,,-1924200000.0,,,,,,,,,,,,-2483100000.0,,,,,,,,,,
157,AMT,,,,,,,,,,,,,1822600000.0,,,,,,,,,,,,3443200000.0,,,,,,,,,,,,2849700000.0,,,,,,,,,,
158,AWK,,,,,,,,,,,,,-1312000000.0,,,,,,,,,,,,-432000000.0,,,,,,,,,,,,-502000000.0,,,,,,,,,,
159,AMP,,,,,,,,,,,,,4225000000.0,,,,,,,,,,,,3205000000.0,,,,,,,,,,,,4476000000.0,,,,,,,,,,
160,AME,,,,,,,,,,,,,1010368000.0,,,,,,,,,,,,1049786000.0,,,,,,,,,,,,1206781000.0,,,,,,,,,,
161,APH,2155900000.0,,,,,,,,,,,,1790800000.0,,,,,,,,,,,,1179700000.0,,,,,,,,,,,,1315200000.0,,,,,,,,,,
162,ANSS,,,,,,,,,,,,,606633000.0,,,,,,,,,,,,526464000.0,,,,,,,,,,,,511940000.0,,,,,,,,,,
163,AOS,,,,,,,,,,,,,321100000.0,,,,,,,,,,,,566000000.0,,,,,,,,,,,,505300000.0,,,,,,,,,,
164,AON,,,,,,,,,,,,,3023000000.0,,,,,,,,,,,,2045000000.0,,,,,,,,,,,,2642000000.0,,,,,,,,,,
165,APA,,,,,,,,,,,,,2545000000.0,,,,,,,,,,,,2386000000.0,,,,,,,,,,,,114000000.0,,,,,,,,,,
166,APTV,990000000.0,,,,,,,,,,,,419000000.0,,,,,,,,,,,,611000000.0,,,,,,,,,,,,829000000.0,,,,,,,,,,
167,ADM,,,,,,,,,,,,,2159000000.0,,,,,,,,,,,,5426000000.0,,,,,,,,,,,,-3209000000.0,,,,,,,,,,
168,ANET,,,,,,,,,,,,,448169000.0,,,,,,,,,,,,951120000.0,,,,,,,,,,,,719730000.0,,,,,,,,,,
169,AJG,,,,,,,,,,,,,1942700000.0,,,,,,,,,,,,1575500000.0,,,,,,,,,,,,1707800000.0,,,,,,,,,,
170,AIZ,,,,,,,,,,,,,410600000.0,,,,,,,,,,,,594300000.0,,,,,,,,,,,,1220800000.0,,,,,,,,,,
171,ATO,,,,653770000.0,,,,,,,,,,,,-1466836000.0,,,,,,,,,,,,-3053791000.0,,,,,,,,,,,,-897677000.0,,,,,,,
172,AZO,,,,,2144131000.0,,,,,,,,,,,,2538744000.0,,,,,,,,,,,,2896776000.0,,,,,,,,,,,,2262372000.0,,,,,,
173,AVB,,,,,,,,,,,,,1247227000.0,,,,,,,,,,,,1049935000.0,,,,,,,,,,,,1082579000.0,,,,,,,,,,
174,AVY,,,,,,,,,,,,,662500000.0,,,,,,,,,,,,774700000.0,,,,,,,,,,,,532700000.0,,,,,,,,,,
175,BKR,1838000000.0,,,,,,,,,,,,899000000.0,,,,,,,,,,,,1518000000.0,,,,,,,,,,,,330000000.0,,,,,,,,,,
176,BALY,,,,,,,,,,,,,-34188000.0,,,,,,,,,,,,-79978000.0,,,,,,,,,,,,4219000.0,,,,,,,,,,
177,BALL,,,,,,,,,,,,,-1350000000.0,,,,,,,,,,,,34000000.0,,,,,,,,,,,,319000000.0,,,,,,,,,,
178,BAX,,,,,,,,,,,,,532000000.0,,,,,,,,,,,,1479000000.0,,,,,,,,,,,,1159000000.0,,,,,,,,,,
179,BDX,,,,2115000000.0,,,,,,,,,,,,1661000000.0,,,,,,,,,,,,3454000000.0,,,,,,,,,,,,2770000000.0,,,,,,,
180,BBY,,,,,,,,,,,,894000000.0,,,,,,,,,,,,2515000000.0,,,,,,,,,,,,4214000000.0,,,,,,,,,,,
181,BWA,,,,,,,,,,,,,846000000.0,,,,,,,,,,,,638000000.0,,,,,,,,,,,,723000000.0,,,,,,,,,,
182,BXP,,,,,,,,,,,,,1282399000.0,,,,,,,,,,,,1133227000.0,,,,,,,,,,,,1156840000.0,,,,,,,,,,
183,BSX,,,,,,,,,,,,,914000000.0,,,,,,,,,,,,1316000000.0,,,,,,,,,,,,986000000.0,,,,,,,,,,
184,AVGO,,,17633000000.0,,,,,,,,,,,,16312000000.0,,,,,,,,,,,,13321000000.0,,,,,,,,,,,,11598000000.0,,,,,,,,
185,BR,,,,,,,748100000.0,,,,,,,,,,,,370400000.0,,,,,,,,,,,,539400000.0,,,,,,,,,,,,499500000.0,,,,
186,BF-B,,,,,,,,,457000000.0,,,,,,,,,,,,798000000.0,,,,,,,,,,,,755000000.0,,,,,,,,,,,,611000000.0,,
187,CHRW,,,,,,,,,,,,,1521674000.0,,,,,,,,,,,,24033000.0,,,,,,,,,,,,445182000.0,,,,,,,,,,
188,CDNS,,,,,,,,,,,,,1117679000.0,,,,,,,,,,,,1034077000.0,,,,,,,,,,,,810109000.0,,,,,,,,,,
189,CPB,,,,,,773000000.0,,,,,,,,,,,,939000000.0,,,,,,,,,,,,760000000.0,,,,,,,,,,,,1097000000.0,,,,,
190,CAH,,,,,,,2358000000.0,,,,,,,,,,,,2735000000.0,,,,,,,,,,,,2029000000.0,,,,,,,,,,,,1585000000.0,,,,
191,KMX,,,,,,,,,,,860622000.0,,,,,,,,,,,,-2857984000.0,,,,,,,,,,,,503224000.0,,,,,,,,,,,,-568502000.0
192,CBRE,,,,,,,,,,,,,1368948000.0,,,,,,,,,,,,2154327000.0,,,,,,,,,,,,1564204000.0,,,,,,,,,,
193,CE,,,,,,,,,,,,,1276000000.0,,,,,,,,,,,,1290000000.0,,,,,,,,,,,,979000000.0,,,,,,,,,,
194,CNC,,,,,,,,,,,,,5257000000.0,,,,,,,,,,,,3295000000.0,,,,,,,,,,,,4634000000.0,,,,,,,,,,
195,CNP,,,,,,,,,,,,,-2609000000.0,,,,,,,,,,,,-3142000000.0,,,,,,,,,,,,-601000000.0,,,,,,,,,,
196,CF,,,,,,,,,,,,,3393000000.0,,,,,,,,,,,,2349000000.0,,,,,,,,,,,,922000000.0,,,,,,,,,,
197,CMG,1222746000.0,,,,,,,,,,,,844015000.0,,,,,,,,,,,,839606000.0,,,,,,,,,,,,290495000.0,,,,,,,,,,
198,CB,,,,,,,,,,,,,11243000000.0,,,,,,,,,,,,11149000000.0,,,,,,,,,,,,9785000000.0,,,,,,,,,,
199,CHD,,,,,,,,,,,,,706400000.0,,,,,,,,,,,,875000000.0,,,,,,,,,,,,891400000.0,,,,,,,,,,
200,CI,,,,,,,,,,,,,7361000000.0,,,,,,,,,,,,6037000000.0,,,,,,,,,,,,9256000000.0,,,,,,,,,,
201,CINF,,,,,,,,,,,,,2037000000.0,,,,,,,,,,,,1966000000.0,,,,,,,,,,,,1471000000.0,,,,,,,,,,
202,CTAS,,,,,,,,1266705000.0,,,,,,,,,,,,1296953000.0,,,,,,,,,,,,1217270000.0,,,,,,,,,,,,1061194000.0,,,
203,CFG,,,,,,,,,,,,,3993000000.0,,,,,,,,,,,,2151000000.0,,,,,,,,,,,,-7000000.0,,,,,,,,,,
204,CLX,,,,,,,930000000.0,,,,,,,,,,,,535000000.0,,,,,,,,,,,,945000000.0,,,,,,,,,,,,1292000000.0,,,,
205,CME,,,,,,,,,,,,,2966300000.0,,,,,,,,,,,,2275200000.0,,,,,,,,,,,,2518100000.0,,,,,,,,,,
206,CMS-PB,-771000000.0,,,,,,,,,,,,-1350000000.0,,,,,,,,,,,,-203000000.0,,,,,,,,,,,,-1164000000.0,,,,,,,,,,
207,CMS,-265000000.0,,,,,,,,,,,,-1626000000.0,,,,,,,,,,,,-390000000.0,,,,,,,,,,,,-1164000000.0,,,,,,,,,,
208,CMA,,,,,,,,,,,,,556000000.0,,,,,,,,,,,,564000000.0,,,,,,,,,,,,849000000.0,,,,,,,,,,
209,CAG,,,,,,,,633200000.0,,,,,,,,,,,,712900000.0,,,,,,,,,,,,961700000.0,,,,,,,,,,,,1473100000.0,,,
210,ED,,,,,,,,,,,,,-233000000.0,,,,,,,,,,,,-1220000000.0,,,,,,,,,,,,-1711000000.0,,,,,,,,,,
211,STZ,,,,,,,,,,,1721500000.0,,,,,,,,,,,,1678600000.0,,,,,,,,,,,,1941900000.0,,,,,,,,,,,,1824600000.0
212,CEG,,,,,,,,,,,,,-4042000000.0,,,,,,,,,,,,-2667000000.0,,,,,,,,,,,,-1163000000.0,,,,,,,,,,
213,COO,,,215000000.0,,,,,,,,,,,,450400000.0,,,,,,,,,,,,524200000.0,,,,,,,,,,,,176200000.0,,,,,,,,
214,CPRT,,,,,,847574000.0,,,,,,,,,,,,839235000.0,,,,,,,,,,,,527895000.0,,,,,,,,,,,,325913000.0,,,,,
215,GLW,,,,,,,,,,,,,1011000000.0,,,,,,,,,,,,1775000000.0,,,,,,,,,,,,803000000.0,,,,,,,,,,
216,CCI,,,,,,,,,,,,,1568000000.0,,,,,,,,,,,,1498000000.0,,,,,,,,,,,,1431000000.0,,,,,,,,,,
217,CMI,,,,,,,,,,,,,1046000000.0,,,,,,,,,,,,1522000000.0,,,,,,,,,,,,2147000000.0,,,,,,,,,,
218,DRI,,,,,,,,951300000.0,,,,,,,,,,,,853600000.0,,,,,,,,,,,,923700000.0,,,,,,,,,,,,226800000.0,,,
219,DVA,,,,,,,,,,,,,961141000.0,,,,,,,,,,,,1289411000.0,,,,,,,,,,,,1304487000.0,,,,,,,,,,
220,DE,,,4121000000.0,,,,,,,,,,,,911000000.0,,,,,,,,,,,,5146000000.0,,,,,,,,,,,,4827000000.0,,,,,,,,
221,DAL,,,,,,,,,,,,,-3000000.0,,,,,,,,,,,,17000000.0,,,,,,,,,,,,-5692000000.0,,,,,,,,,,
222,DVN,,,,,,,,,,,,,3405000000.0,,,,,,,,,,,,2892000000.0,,,,,,,,,,,,193000000.0,,,,,,,,,,
223,FANG,,,,,,,,,,,,,2820000000.0,,,,,,,,,,,,1630000000.0,,,,,,,,,,,,74000000.0,,,,,,,,,,
224,DLR,,,,,,,,,,,,,1659388000.0,,,,,,,,,,,,1702228000.0,,,,,,,,,,,,1706541000.0,,,,,,,,,,
225,DFS,,,,,,,,,,,,,6904000000.0,,,,,,,,,,,,5825000000.0,,,,,,,,,,,,5935000000.0,,,,,,,,,,
226,DG,,,,,,,,,,,,423973000.0,,,,,,,,,,,,1795351000.0,,,,,,,,,,,,2848196000.0,,,,,,,,,,,
227,D,,,,,,,,,,,,,-3891000000.0,,,,,,,,,,,,-1923000000.0,,,,,,,,,,,,-793000000.0,,,,,,,,,,
228,DOV,,,,,,,,,,,,,584762000.0,,,,,,,,,,,,944400000.0,,,,,,,,,,,,939118000.0,,,,,,,,,,
229,DHI,,,,4155500000.0,,,,,,,,,,,,413600000.0,,,,,,,,,,,,267000000.0,,,,,,,,,,,,1134800000.0,,,,,,,
230,DTE,-714000000.0,,,,,,,,,,,,-1401000000.0,,,,,,,,,,,,-705000000.0,,,,,,,,,,,,-160000000.0,,,,,,,,,,
231,DXC,,,,,,,,,,960000000.0,,,,,,,,,,,,952000000.0,,,,,,,,,,,,-391000000.0,,,,,,,,,,,,1765000000.0,
232,EMN,,,,,,,,,,,,,351000000.0,,,,,,,,,,,,1041000000.0,,,,,,,,,,,,1059000000.0,,,,,,,,,,
233,ETN,,,,,,,,,,,,,1935000000.0,,,,,,,,,,,,1588000000.0,,,,,,,,,,,,2555000000.0,,,,,,,,,,
234,ECL,,,,,,,,,,,,,1075600000.0,,,,,,,,,,,,1418900000.0,,,,,,,,,,,,1371200000.0,,,,,,,,,,
235,EIX,,,,,,,,,,,,,-2562000000.0,,,,,,,,,,,,-5494000000.0,,,,,,,,,,,,-4053000000.0,,,,,,,,,,
236,EW,,,,,,,,,,,,,953400000.0,,,,,,,,,,,,1402300000.0,,,,,,,,,,,,647000000.0,,,,,,,,,,
237,ETR,,,,,,,,,,,,,-2809442000.0,,,,,,,,,,,,-4121399000.0,,,,,,,,,,,,-2466995000.0,,,,,,,,,,
238,EOG,,,,,,,,,,,,,6093000000.0,,,,,,,,,,,,4941000000.0,,,,,,,,,,,,1543000000.0,,,,,,,,,,
239,EFX,,,,,,,,,,,,,132600000.0,,,,,,,,,,,,865800000.0,,,,,,,,,,,,524900000.0,,,,,,,,,,
240,EQIX,,,,,,,,,,,,,685178000.0,,,,,,,,,,,,-204306000.0,,,,,,,,,,,,27322000.0,,,,,,,,,,
241,EQR,,,,,,,,,,,,,1222515000.0,,,,,,,,,,,,1091537000.0,,,,,,,,,,,,1099292000.0,,,,,,,,,,
242,ESS,,,,,,,,,,,,,812456000.0,,,,,,,,,,,,784064000.0,,,,,,,,,,,,713023000.0,,,,,,,,,,
243,EVRG,,,,,,,,,,,,,-364600000.0,,,,,,,,,,,,-620800000.0,,,,,,,,,,,,193500000.0,,,,,,,,,,
244,ES,,,,,,,,,,,,,-1040559000.0,,,,,,,,,,,,-1212480000.0,,,,,,,,,,,,-1260424000.0,,,,,,,,,,
245,EXPD,,,,,,,,,,,,,2042851000.0,,,,,,,,,,,,832247000.0,,,,,,,,,,,,607426000.0,,,,,,,,,,
246,EXR,,,,,,,,,,,,,1215307000.0,,,,,,,,,,,,948777000.0,,,,,,,,,,,,764139000.0,,,,,,,,,,
247,FFIV,,,,599225000.0,,,,,,,,,,,,409007000.0,,,,,,,,,,,,614545000.0,,,,,,,,,,,,600958000.0,,,,,,,
248,FRT,,,,,,,,,,,,,100068000.0,,,,,,,,,,,,30838000.0,,,,,,,,,,,,-132007000.0,,,,,,,,,,
249,FIS,,,,,,,,,,,,,2549000000.0,,,,,,,,,,,,3559000000.0,,,,,,,,,,,,3313000000.0,,,,,,,,,,
250,FITB,,,,,,,,,,,,,5956000000.0,,,,,,,,,,,,2395000000.0,,,,,,,,,,,,13000000.0,,,,,,,,,,
251,FE,,,,,,,,,,,,,-73000000.0,,,,,,,,,,,,366000000.0,,,,,,,,,,,,-1234000000.0,,,,,,,,,,
252,FLT,,,,,,,,,,,,,603369000.0,,,,,,,,,,,,1085533000.0,,,,,,,,,,,,1394164000.0,,,,,,,,,,
253,FMC,,,,,,,,,,,,,440100000.0,,,,,,,,,,,,720000000.0,,,,,,,,,,,,580600000.0,,,,,,,,,,
254,FTNT,,,,,,,,,,,,,1449400000.0,,,,,,,,,,,,1203800000.0,,,,,,,,,,,,957800000.0,,,,,,,,,,
255,FTV,,,,,,,,,,,,,1207400000.0,,,,,,,,,,,,911100000.0,,,,,,,,,,,,1361000000.0,,,,,,,,,,
256,FOXA,,,,,,,1443000000.0,,,,,,,,,,,,1577000000.0,,,,,,,,,,,,2155000000.0,,,,,,,,,,,,2006000000.0,,,,
257,FXBY,,,,,,,,,,,,,1215393.0,,,,,,,,,,,,-659771.0,,,,,,,,,,,,1089082.0,,,,,,,,,,
258,FOX,,,,,,,1443000000.0,,,,,,,,,,,,1577000000.0,,,,,,,,,,,,2155000000.0,,,,,,,,,,,,2006000000.0,,,,
259,BEN,,,,989900000.0,,,,,,,,,,,,1866400000.0,,,,,,,,,,,,1166100000.0,,,,,,,,,,,,979600000.0,,,,,,,
260,FCX,,,,,,,,,,,,,1670000000.0,,,,,,,,,,,,5600000000.0,,,,,,,,,,,,1056000000.0,,,,,,,,,,
261,GRMN,,,,,,,,,,,,,542066000.0,,,,,,,,,,,,702840000.0,,,,,,,,,,,,947801000.0,,,,,,,,,,
262,IT,,,,,,,,,,,,,993372000.0,,,,,,,,,,,,1252636000.0,,,,,,,,,,,,819390000.0,,,,,,,,,,
263,GIS,,,,,,,,2089100000.0,,,,,,,,,,,,2747400000.0,,,,,,,,,,,,2452400000.0,,,,,,,,,,,,3215400000.0,,,
264,GPC,,,,,,,,,,,,,1127339000.0,,,,,,,,,,,,992149000.0,,,,,,,,,,,,1866059000.0,,,,,,,,,,
265,GPN,,,,,,,,,,,,,1628388000.0,,,,,,,,,,,,2287609000.0,,,,,,,,,,,,1877914000.0,,,,,,,,,,
266,GWW,,,,,,,,,,,,,1077000000.0,,,,,,,,,,,,682000000.0,,,,,,,,,,,,926000000.0,,,,,,,,,,
267,HAL,2079000000.0,,,,,,,,,,,,1231000000.0,,,,,,,,,,,,1112000000.0,,,,,,,,,,,,1153000000.0,,,,,,,,,,
268,HIG,,,,,,,,,,,,,3833000000.0,,,,,,,,,,,,3960000000.0,,,,,,,,,,,,3757000000.0,,,,,,,,,,
269,HAS,,,,,,,,,,,,,198700000.0,,,,,,,,,,,,685200000.0,,,,,,,,,,,,850500000.0,,,,,,,,,,
270,HCA,,,,,,,,,,,,,4127000000.0,,,,,,,,,,,,5382000000.0,,,,,,,,,,,,6397000000.0,,,,,,,,,,
271,PEAK,,,,,,,,,,,,,900261000.0,,,,,,,,,,,,795248000.0,,,,,,,,,,,,758431000.0,,,,,,,,,,
272,HCP,,,,,,,,,,,,-93460000.0,,,,,,,,,,,,-62811000.0,,,,,,,,,,,,-46847000.0,,,,,,,,,,,
273,HSY,,,,,,,,,,,,,1808356000.0,,,,,,,,,,,,1587007000.0,,,,,,,,,,,,1258031000.0,,,,,,,,,,
274,HES,,,,,,,,,,,,,1219000000.0,,,,,,,,,,,,1143000000.0,,,,,,,,,,,,-864000000.0,,,,,,,,,,
275,HPE,,,1600000000.0,,,,,,,,,,,,1471000000.0,,,,,,,,,,,,3369000000.0,,,,,,,,,,,,-143000000.0,,,,,,,,
276,HLT,1699000000.0,,,,,,,,,,,,1579000000.0,,,,,,,,,,,,30000000.0,,,,,,,,,,,,616000000.0,,,,,,,,,,
277,HOLX,,,,901000000.0,,,,,,,,,,,,1998500000.0,,,,,,,,,,,,2146200000.0,,,,,,,,,,,,740200000.0,,,,,,,
278,HRL,,,777636000.0,,,,,,,,,,,,856059000.0,,,,,,,,,,,,769518000.0,,,,,,,,,,,,760523000.0,,,,,,,,
279,HST,,,,,,,,,,,,,912000000.0,,,,,,,,,,,,-135000000.0,,,,,,,,,,,,-806000000.0,,,,,,,,,,
280,HPQ,,,2962000000.0,,,,,,,,,,,,3672000000.0,,,,,,,,,,,,5827000000.0,,,,,,,,,,,,3736000000.0,,,,,,,,
281,HUM,,,,,,,,,,,,,3467000000.0,,,,,,,,,,,,946000000.0,,,,,,,,,,,,4675000000.0,,,,,,,,,,
282,HBAN,,,,,,,,,,,,,3813000000.0,,,,,,,,,,,,1815000000.0,,,,,,,,,,,,1204000000.0,,,,,,,,,,
283,HII,678000000.0,,,,,,,,,,,,482000000.0,,,,,,,,,,,,429000000.0,,,,,,,,,,,,740000000.0,,,,,,,,,,
284,IDXX,,,,,,,,,,,,,384146000.0,,,,,,,,,,,,635997000.0,,,,,,,,,,,,540187000.0,,,,,,,,,,
285,ITW,,,,,,,,,,,,,1936000000.0,,,,,,,,,,,,2261000000.0,,,,,,,,,,,,2571000000.0,,,,,,,,,,
286,ICE,3053000000.0,,,,,,,,,,,,3072000000.0,,,,,,,,,,,,2671000000.0,,,,,,,,,,,,2471000000.0,,,,,,,,,,
287,IFF,,,,,,,,,,,,,-109000000.0,,,,,,,,,,,,1040000000.0,,,,,,,,,,,,522000000.0,,,,,,,,,,
288,IP,,,,,,,,,,,,,1243000000.0,,,,,,,,,,,,1481000000.0,,,,,,,,,,,,2312000000.0,,,,,,,,,,
289,INPAP,,,,,,,,,,,,,1243000000.0,,,,,,,,,,,,1481000000.0,,,,,,,,,,,,2312000000.0,,,,,,,,,,
290,IPG,,,,,,,,,,,,,430700000.0,,,,,,,,,,,,1880300000.0,,,,,,,,,,,,1679700000.0,,,,,,,,,,
291,IVZ,,,,,,,,,,,,,510300000.0,,,,,,,,,,,,969300000.0,,,,,,,,,,,,1115300000.0,,,,,,,,,,
292,IQV,,,,,,,,,,,,,1586000000.0,,,,,,,,,,,,2302000000.0,,,,,,,,,,,,1343000000.0,,,,,,,,,,
293,IRM,,,,,,,,,,,,,44112000.0,,,,,,,,,,,,134526000.0,,,,,,,,,,,,534404000.0,,,,,,,,,,
294,JBHT,,,,,,,,,,,,,236086000.0,,,,,,,,,,,,276335000.0,,,,,,,,,,,,384314000.0,,,,,,,,,,
295,JKHY,,,,,,,174575000.0,,,,,,,,,,,,313242000.0,,,,,,,,,,,,304292000.0,,,,,,,,,,,,333022000.0,,,,
296,J,,,,837277000.0,,,,,,,,,,,,347094000.0,,,,,,,,,,,,633462000.0,,,,,,,,,,,,688580000.0,,,,,,,
297,SJM,,,,,,,,,717000000.0,,,,,,,,,,,,718800000.0,,,,,,,,,,,,1258300000.0,,,,,,,,,,,,985500000.0,,
298,JCI,,,,,,,,,,,,,,,,1394000000.0,,,,,,,,,,,,1935000000.0,,,,,,,,,,,,1776000000.0,,,,,,,
299,JNPR,713400000.0,,,,,,,,,,,,-7500000.0,,,,,,,,,,,,589700000.0,,,,,,,,,,,,511600000.0,,,,,,,,,,
300,K,,,,,,,,,,,,,1163000000.0,,,,,,,,,,,,1148000000.0,,,,,,,,,,,,1481000000.0,,,,,,,,,,
301,KEYS,,,1212000000.0,,,,,,,,,,,,959000000.0,,,,,,,,,,,,1148000000.0,,,,,,,,,,,,899000000.0,,,,,,,,
302,KMB,2776000000.0,,,,,,,,,,,,1857000000.0,,,,,,,,,,,,1723000000.0,,,,,,,,,,,,2512000000.0,,,,,,,,,,
303,KIM,,,,,,,,,,,,,861114000.0,,,,,,,,,,,,618875000.0,,,,,,,,,,,,589913000.0,,,,,,,,,,
304,KLAC,,,,,,,3328214000.0,,,,,,,,,,,,3005382000.0,,,,,,,,,,,,1953398000.0,,,,,,,,,,,,1626175000.0,,,,
305,KR,,,,,,,,,,,,1420000000.0,,,,,,,,,,,,3576000000.0,,,,,,,,,,,,3950000000.0,,,,,,,,,,,
306,LH,,,,,,,,,,,,,1474000000.0,,,,,,,,,,,,2649200000.0,,,,,,,,,,,,1753600000.0,,,,,,,,,,
307,LW,,,,,,,,107700000.0,,,,,,,,,,,,128500000.0,,,,,,,,,,,,405500000.0,,,,,,,,,,,,406300000.0,,,
308,ELAA.F,,,,,,,-1558000000.0,,,,,,,,,,,,2000000000.0,,,,,,,,,,,,2994000000.0,,,,,,,,,,,,1657000000.0,,,,
309,EL,,,,,,,-1558000000.0,,,,,,,,,,,,2000000000.0,,,,,,,,,,,,2994000000.0,,,,,,,,,,,,1657000000.0,,,,
310,LEN,,5079939000.0,,,,,,,,,,,,3208454000.0,,,,,,,,,,,,2467602000.0,,,,,,,,,,,,4118067000.0,,,,,,,,,
311,LNC,,,,,,,,,,,,,4036000000.0,,,,,,,,,,,,168000000.0,,,,,,,,,,,,534000000.0,,,,,,,,,,
312,LKQ,,,,,,,,,,,,,1028000000.0,,,,,,,,,,,,1074000000.0,,,,,,,,,,,,1271000000.0,,,,,,,,,,
313,L,3221000000.0,,,,,,,,,,,,2654000000.0,,,,,,,,,,,,2141000000.0,,,,,,,,,,,,1035000000.0,,,,,,,,,,
314,LYB,,,,,,,,,,,,,4229000000.0,,,,,,,,,,,,5736000000.0,,,,,,,,,,,,1457000000.0,,,,,,,,,,
315,MTB,,,,,,,,,,,,,4359352000.0,,,,,,,,,,,,2565746000.0,,,,,,,,,,,,616898000.0,,,,,,,,,,
316,MRO,,,,,,,,,,,,,3978000000.0,,,,,,,,,,,,2193000000.0,,,,,,,,,,,,130000000.0,,,,,,,,,,
317,MPC,,,,,,,,,,,,,13941000000.0,,,,,,,,,,,,2896000000.0,,,,,,,,,,,,-368000000.0,,,,,,,,,,
318,MMC,,,,,,,,,,,,,2995000000.0,,,,,,,,,,,,3110000000.0,,,,,,,,,,,,3034000000.0,,,,,,,,,,
319,MLM,,,,,,,,,,,,,509400000.0,,,,,,,,,,,,714600000.0,,,,,,,,,,,,690400000.0,,,,,,,,,,
320,MAS,1170000000.0,,,,,,,,,,,,616000000.0,,,,,,,,,,,,802000000.0,,,,,,,,,,,,839000000.0,,,,,,,,,,
321,MKC,,973400000.0,,,,,,,,,,,,389500000.0,,,,,,,,,,,,550300000.0,,,,,,,,,,,,816000000.0,,,,,,,,,
322,MCK,,,,,,,,,,4601000000.0,,,,,,,,,,,,3899000000.0,,,,,,,,,,,,3901000000.0,,,,,,,,,,,,3868000000.0,
323,MTD,,,,,,,,,,,,,737826000.0,,,,,,,,,,,,801245000.0,,,,,,,,,,,,632205000.0,,,,,,,,,,
324,MGM,,,,,,,,,,,,,991395000.0,,,,,,,,,,,,882726000.0,,,,,,,,,,,,-1763622000.0,,,,,,,,,,
325,MAA,,,,,,,,,,,,,762303000.0,,,,,,,,,,,,615332000.0,,,,,,,,,,,,598443000.0,,,,,,,,,,
326,MHK,,,,,,,,,,,,,88411000.0,,,,,,,,,,,,632999000.0,,,,,,,,,,,,1344282000.0,,,,,,,,,,
327,MCO,,,,,,,,,,,,,1191000000.0,,,,,,,,,,,,1866000000.0,,,,,,,,,,,,2043000000.0,,,,,,,,,,
328,MOS,,,,,,,,,,,,,2688500000.0,,,,,,,,,,,,898400000.0,,,,,,,,,,,,412000000.0,,,,,,,,,,
329,MSI,,,,,,,,,,,,,1567000000.0,,,,,,,,,,,,1594000000.0,,,,,,,,,,,,1396000000.0,,,,,,,,,,
330,MSCI,,,,,,,,,,,,,1022474000.0,,,,,,,,,,,,883275000.0,,,,,,,,,,,,760134000.0,,,,,,,,,,
331,NDAQ,,,,,,,,,,,,,1554000000.0,,,,,,,,,,,,920000000.0,,,,,,,,,,,,1064000000.0,,,,,,,,,,
332,NWL,,,,,,,,,,,,,-584000000.0,,,,,,,,,,,,595000000.0,,,,,,,,,,,,1173000000.0,,,,,,,,,,
333,NEM,,,,,,,,,,,,,1089000000.0,,,,,,,,,,,,2626000000.0,,,,,,,,,,,,3580000000.0,,,,,,,,,,
334,NWSA,,,,,,,593000000.0,,,,,,,,,,,,855000000.0,,,,,,,,,,,,847000000.0,,,,,,,,,,,,342000000.0,,,,
335,NWS,,,,,,,593000000.0,,,,,,,,,,,,855000000.0,,,,,,,,,,,,847000000.0,,,,,,,,,,,,342000000.0,,,,
336,NI,,,,,,,,,,,,,-793700000.0,,,,,,,,,,,,-620100000.0,,,,,,,,,,,,-654100000.0,,,,,,,,,,
337,NTRS,,,,,,,,,,,,,1668900000.0,,,,,,,,,,,,840900000.0,,,,,,,,,,,,1336400000.0,,,,,,,,,,
338,NCLH,,,,,,,,,,,,,-1573837000.0,,,,,,,,,,,,-3220852000.0,,,,,,,,,,,,-3502788000.0,,,,,,,,,,
339,NRG,,,,,,,,,,,,,-13000000.0,,,,,,,,,,,,224000000.0,,,,,,,,,,,,1597000000.0,,,,,,,,,,
340,NUE,,,,,,,,,,,,,8124157000.0,,,,,,,,,,,,4608787000.0,,,,,,,,,,,,1153658000.0,,,,,,,,,,
341,OMC,1343500000.0,,,,,,,,,,,,848300000.0,,,,,,,,,,,,1279600000.0,,,,,,,,,,,,1649200000.0,,,,,,,,,,
342,OKE,,,,,,,,,,,,,1703898000.0,,,,,,,,,,,,1849418000.0,,,,,,,,,,,,-296313000.0,,,,,,,,,,
343,PKG,,,,,,,,,,,,,670800000.0,,,,,,,,,,,,489000000.0,,,,,,,,,,,,611600000.0,,,,,,,,,,
344,PH,,,,,,,2599183000.0,,,,,,,,,,,,2211686000.0,,,,,,,,,,,,2365044000.0,,,,,,,,,,,,1838358000.0,,,,
345,PNR,,,,,,,,,,,,,278100000.0,,,,,,,,,,,,553000000.0,,,,,,,,,,,,511400000.0,,,,,,,,,,
346,PSX,,,,,,,,,,,,,8619000000.0,,,,,,,,,,,,4157000000.0,,,,,,,,,,,,-809000000.0,,,,,,,,,,
347,PNW,,,,,,,,,,,,,-466049000.0,,,,,,,,,,,,-613461000.0,,,,,,,,,,,,-360219000.0,,,,,,,,,,
348,PXD,,,,,,,,,,,,,7428000000.0,,,,,,,,,,,,2890000000.0,,,,,,,,,,,,481000000.0,,,,,,,,,,
349,PNC,,,,,,,,,,,,,9083000000.0,,,,,,,,,,,,7214000000.0,,,,,,,,,,,,4659000000.0,,,,,,,,,,
350,PPG,,,,,,,,,,,,,445000000.0,,,,,,,,,,,,1191000000.0,,,,,,,,,,,,1826000000.0,,,,,,,,,,
351,PPL,,,,,,,,,,,,,-425000000.0,,,,,,,,,,,,297000000.0,,,,,,,,,,,,476000000.0,,,,,,,,,,
352,PGR,,,,,,,,,,,,,6556800000.0,,,,,,,,,,,,7518200000.0,,,,,,,,,,,,6682100000.0,,,,,,,,,,
353,PLD,,,,,,,,,,,,,4126430000.0,,,,,,,,,,,,2996042000.0,,,,,,,,,,,,2937005000.0,,,,,,,,,,
354,PRU,,,,,,,,,,,,,5158000000.0,,,,,,,,,,,,9812000000.0,,,,,,,,,,,,8368000000.0,,,,,,,,,,
355,PEG,,,,,,,,,,,,,-1385000000.0,,,,,,,,,,,,-983000000.0,,,,,,,,,,,,68000000.0,,,,,,,,,,
356,PSA,,,,,,,,,,,,,2657368000.0,,,,,,,,,,,,2273317000.0,,,,,,,,,,,,1872904000.0,,,,,,,,,,
357,PHM,2104561000.0,,,,,,,,,,,,555805000.0,,,,,,,,,,,,931240000.0,,,,,,,,,,,,1725988000.0,,,,,,,,,,
358,QRVO,,,,,,,,,,684278000.0,,,,,,,,,,,,835777000.0,,,,,,,,,,,,1114893000.0,,,,,,,,,,,,781542000.0,
359,PWR,,,,,,,,,,,,,701530000.0,,,,,,,,,,,,195671000.0,,,,,,,,,,,,855403000.0,,,,,,,,,,
360,DGX,,,,,,,,,,,,,1314000000.0,,,,,,,,,,,,1830000000.0,,,,,,,,,,,,1587000000.0,,,,,,,,,,
361,RL,,,,,,,,,,193500000.0,,,,,,,,,,,,549000000.0,,,,,,,,,,,,273100000.0,,,,,,,,,,,,484300000.0,
362,RJF,,,,-3687000000.0,,,,,,,,,,,,-19000000.0,,,,,,,,,,,,6573000000.0,,,,,,,,,,,,3949000000.0,,,,,,,
363,UHT,,,,,,,,,,,,,33185000.0,,,,,,,,,,,,34736000.0,,,,,,,,,,,,41944000.0,,,,,,,,,,
364,O,,,,,,,,,,,,,2563856000.0,,,,,,,,,,,,1322189000.0,,,,,,,,,,,,1115543000.0,,,,,,,,,,
365,RF-PB,,,,,,,,,,,,,2814000000.0,,,,,,,,,,,,2958000000.0,,,,,,,,,,,,2265000000.0,,,,,,,,,,
366,RF,,,,,,,,,,,,,2814000000.0,,,,,,,,,,,,2958000000.0,,,,,,,,,,,,2265000000.0,,,,,,,,,,
367,RSG,,,,,,,,,,,,,1736000000.0,,,,,,,,,,,,1470400000.0,,,,,,,,,,,,1277000000.0,,,,,,,,,,
368,RMD,,,,,,,559299000.0,,,,,,,,,,,,195111000.0,,,,,,,,,,,,619892000.0,,,,,,,,,,,,696317000.0,,,,
369,RSMDF,,,,,,,559299000.0,,,,,,,,,,,,195111000.0,,,,,,,,,,,,619892000.0,,,,,,,,,,,,696317000.0,,,,
370,RHI,,,,,,,,,,,,,622630000.0,,,,,,,,,,,,566525000.0,,,,,,,,,,,,563151000.0,,,,,,,,,,
371,ROK,,,,1214100000.0,,,,,,,,,,,,682000000.0,,,,,,,,,,,,1140700000.0,,,,,,,,,,,,1006600000.0,,,,,,,
372,ROL,,,,,,,,,,,,,435302000.0,,,,,,,,,,,,374611000.0,,,,,,,,,,,,412556000.0,,,,,,,,,,
373,ROP,,,,,,,,,,,,,664300000.0,,,,,,,,,,,,1949300000.0,,,,,,,,,,,,1479100000.0,,,,,,,,,,
374,RCL,,,,,,,,,,,,,-2228206000.0,,,,,,,,,,,,-4107519000.0,,,,,,,,,,,,-5696784000.0,,,,,,,,,,
375,SPGI,,,,,,,,,,,,,2514000000.0,,,,,,,,,,,,3563000000.0,,,,,,,,,,,,3491000000.0,,,,,,,,,,
376,CRM,,,,,,,,,,,,6313000000.0,,,,,,,,,,,,5283000000.0,,,,,,,,,,,,4091000000.0,,,,,,,,,,,
377,SBAC,,,,,,,,,,,,,1071257000.0,,,,,,,,,,,,1056202000.0,,,,,,,,,,,,997467000.0,,,,,,,,,,
378,SCHW,,,,,,,,,,,,,1086000000.0,,,,,,,,,,,,1202000000.0,,,,,,,,,,,,6221000000.0,,,,,,,,,,
379,SEE,,,,,,,,,,,,,376000000.0,,,,,,,,,,,,496600000.0,,,,,,,,,,,,555900000.0,,,,,,,,,,
380,SRE,,,,,,,,,,,,,-4215000000.0,,,,,,,,,,,,-1173000000.0,,,,,,,,,,,,-2085000000.0,,,,,,,,,,
381,SHW,,,,,,,,,,,,,1275400000.0,,,,,,,,,,,,1872600000.0,,,,,,,,,,,,3104800000.0,,,,,,,,,,
382,SNA,,,,,,,,,,,,,591000000.0,,,,,,,,,,,,896500000.0,,,,,,,,,,,,943000000.0,,,,,,,,,,
383,LUV,-389000000.0,,,,,,,,,,,,-156000000.0,,,,,,,,,,,,1811000000.0,,,,,,,,,,,,-1642000000.0,,,,,,,,,,
384,SWK,,,,,,,,,,,,,-1989900000.0,,,,,,,,,,,,144000000.0,,,,,,,,,,,,1674000000.0,,,,,,,,,,
385,STT,,,,,,,,,,,,,11220000000.0,,,,,,,,,,,,-7521000000.0,,,,,,,,,,,,2972000000.0,,,,,,,,,,
386,SYK,,,,,,,,,,,,,2036000000.0,,,,,,,,,,,,2738000000.0,,,,,,,,,,,,2790000000.0,,,,,,,,,,
387,SYF,8593000000.0,,,,,,,,,,,,6694000000.0,,,,,,,,,,,,7099000000.0,,,,,,,,,,,,7487000000.0,,,,,,,,,,
388,SNPS,,,1511452000.0,,,,,,,,,,,,1599818000.0,,,,,,,,,,,,1396882000.0,,,,,,,,,,,,832551000.0,,,,,,,,
389,SYY,,,,,,,2074277000.0,,,,,,,,,,,,1158484000.0,,,,,,,,,,,,1433166000.0,,,,,,,,,,,,898257000.0,,,,
390,TROW,,,,,,,,,,,,,2121800000.0,,,,,,,,,,,,3212900000.0,,,,,,,,,,,,1704300000.0,,,,,,,,,,
391,TTWO,,,,,,,,,,-203100000.0,,,,,,,,,,,,99400000.0,,,,,,,,,,,,843400000.0,,,,,,,,,,,,632294000.0,
392,TPR,,,,,,,791000000.0,,,,,,,,,,,,759300000.0,,,,,,,,,,,,1207700000.0,,,,,,,,,,,,201600000.0,,,,
393,TEL,,,,2400000000.0,,,,,,,,,,,,1700000000.0,,,,,,,,,,,,1986000000.0,,,,,,,,,,,,1432000000.0,,,,,,,
394,TFX,,,,,,,,,,,,,262951000.0,,,,,,,,,,,,579801000.0,,,,,,,,,,,,345712000.0,,,,,,,,,,
395,TMO,,,,,,,,,,,,,6911000000.0,,,,,,,,,,,,6789000000.0,,,,,,,,,,,,6815000000.0,,,,,,,,,,
396,TJX,,,,,,,,,,,,2627000000.0,,,,,,,,,,,,2012000000.0,,,,,,,,,,,,3994000000.0,,,,,,,,,,,
397,TSN,,,,-187000000.0,,,,,,,,,,,,800000000.0,,,,,,,,,,,,2631000000.0,,,,,,,,,,,,2675000000.0,,,,,,,
398,UDR,,,,,,,,,,,,,584058000.0,,,,,,,,,,,,497436000.0,,,,,,,,,,,,430203000.0,,,,,,,,,,
399,UAL,,,,,,,,,,,,,1247000000.0,,,,,,,,,,,,-40000000.0,,,,,,,,,,,,-5860000000.0,,,,,,,,,,
400,URI,634000000.0,,,,,,,,,,,,743000000.0,,,,,,,,,,,,491000000.0,,,,,,,,,,,,1500000000.0,,,,,,,,,,
401,UHS,,,,,,,,,,,,,262022000.0,,,,,,,,,,,,28036000.0,,,,,,,,,,,,1625960000.0,,,,,,,,,,
402,VFC,,,,,,,,,,-917046000.0,,,,,,,,,,,,535968000.0,,,,,,,,,,,,1039025000.0,,,,,,,,,,,,540691000.0,
403,VLO,,,,,,,,,,,,,10893000000.0,,,,,,,,,,,,4194000000.0,,,,,,,,,,,,-840000000.0,,,,,,,,,,
404,VTR,,,,,,,,,,,,,666094000.0,,,,,,,,,,,,593147000.0,,,,,,,,,,,,921529000.0,,,,,,,,,,
405,VRSN,,,,,,,,,,,,,803700000.0,,,,,,,,,,,,754200000.0,,,,,,,,,,,,686788000.0,,,,,,,,,,
406,VNO,,,,,,,,,,,,,798944000.0,,,,,,,,,,,,761806000.0,,,,,,,,,,,,29189000.0,,,,,,,,,,
407,VNORP,,,,,,,,,,,,,798944000.0,,,,,,,,,,,,761806000.0,,,,,,,,,,,,29189000.0,,,,,,,,,,
408,VMC,,,,,,,,,,,,,535600000.0,,,,,,,,,,,,560600000.0,,,,,,,,,,,,708200000.0,,,,,,,,,,
409,WAB,,,,,,,,,,,,,889000000.0,,,,,,,,,,,,943000000.0,,,,,,,,,,,,648000000.0,,,,,,,,,,
410,WM,,,,,,,,,,,,,1949000000.0,,,,,,,,,,,,2434000000.0,,,,,,,,,,,,1771000000.0,,,,,,,,,,
411,WAT,,,,,,,,,,,,,428205000.0,,,,,,,,,,,,579008000.0,,,,,,,,,,,,618123000.0,,,,,,,,,,
412,WEC,,,,,,,,,,,,,-273400000.0,,,,,,,,,,,,-220100000.0,,,,,,,,,,,,-42800000.0,,,,,,,,,,
413,WELL,,,,,,,,,,,,,1298217000.0,,,,,,,,,,,,1255973000.0,,,,,,,,,,,,1347284000.0,,,,,,,,,,
414,WRK,,,,685800000.0,,,,,,,,,,,,1157800000.0,,,,,,,,,,,,1464400000.0,,,,,,,,,,,,1092600000.0,,,,,,,
415,WY,,,,,,,,,,,,,2364000000.0,,,,,,,,,,,,2718000000.0,,,,,,,,,,,,1248000000.0,,,,,,,,,,
416,WHR,,,,,,,,,,,,,820000000.0,,,,,,,,,,,,1651000000.0,,,,,,,,,,,,1090000000.0,,,,,,,,,,
417,WMB,,,,,,,,,,,,,2606000000.0,,,,,,,,,,,,2698000000.0,,,,,,,,,,,,2221000000.0,,,,,,,,,,
418,WTW,,,,,,,,,,,,,608000000.0,,,,,,,,,,,,1860000000.0,,,,,,,,,,,,1488000000.0,,,,,,,,,,
419,WYNN,,,,,,,,,,,,,-423776000.0,,,,,,,,,,,,-569282000.0,,,,,,,,,,,,-1362540000.0,,,,,,,,,,
420,XYL,,,,,,,,,,,,,388000000.0,,,,,,,,,,,,330000000.0,,,,,,,,,,,,641000000.0,,,,,,,,,,
421,YUM,,,,,,,,,,,,,1148000000.0,,,,,,,,,,,,1476000000.0,,,,,,,,,,,,1145000000.0,,,,,,,,,,
422,ZBH,,,,,,,,,,,,,1096800000.0,,,,,,,,,,,,1355600000.0,,,,,,,,,,,,1092600000.0,,,,,,,,,,
423,ZION,,,,,,,,,,,,,1280000000.0,,,,,,,,,,,,423000000.0,,,,,,,,,,,,548000000.0,,,,,,,,,,
424,ZTS,,,,,,,,,,,,,1326000000.0,,,,,,,,,,,,1736000000.0,,,,,,,,,,,,1673000000.0,,,,,,,,,,
425,CTVA,1174000000.0,,,,,,,,,,,,267000000.0,,,,,,,,,,,,2154000000.0,,,,,,,,,,,,1589000000.0,,,,,,,,,,
426,LNT,,,,,,,,,,,,,486000000.0,,,,,,,,,,,,582000000.0,,,,,,,,,,,,501000000.0,,,,,,,,,,
427,AMCR,,,,,,,735000000.0,,,,,,,,,,,,999000000.0,,,,,,,,,,,,993000000.0,,,,,,,,,,,,984000000.0,,,,
428,AMCCF,,,,,,,735000000.0,,,,,,,,,,,,999000000.0,,,,,,,,,,,,993000000.0,,,,,,,,,,,,984000000.0,,,,
429,BIO,,,,,,,,,,,,,80290000.0,,,,,,,,,,,,535718000.0,,,,,,,,,,,,476408000.0,,,,,,,,,,
430,CARR,2138000000.0,,,,,,,,,,,,1390000000.0,,,,,,,,,,,,1893000000.0,,,,,,,,,,,,1380000000.0,,,,,,,,,,
431,CTLT,,,,,,,-322000000.0,,,,,,,,,,,,-221000000.0,,,,,,,,,,,,-253000000.0,,,,,,,,,,,,-26000000.0,,,,
432,CDW,,,,,,,,,,,,,1208100000.0,,,,,,,,,,,,684600000.0,,,,,,,,,,,,1156300000.0,,,,,,,,,,
433,DXCM,511900000.0,,,,,,,,,,,,304700000.0,,,,,,,,,,,,53300000.0,,,,,,,,,,,,276600000.0,,,,,,,,,,
434,DPZ,,,,,,,,,,,,,388083000.0,,,,,,,,,,,,560034000.0,,,,,,,,,,,,504026000.0,,,,,,,,,,
435,DPUKY,,,,,,,,,,,,,65400000.0,,,,,,,,,,,,99600000.0,,,,,,,,,,,,92800000.0,,,,,,,,,,
436,DOW,2719000000.0,,,,,,,,,,,,5417000000.0,,,,,,,,,,,,4685000000.0,,,,,,,,,,,,4839000000.0,,,,,,,,,,
437,ETSY,,,,,,,,,,,,,652869000.0,,,,,,,,,,,,623381000.0,,,,,,,,,,,,671846000.0,,,,,,,,,,
438,GD,3806000000.0,,,,,,,,,,,,3465000000.0,,,,,,,,,,,,3384000000.0,,,,,,,,,,,,2891000000.0,,,,,,,,,,
439,HWM,,,,,,,,,,,,,540000000.0,,,,,,,,,,,,250000000.0,,,,,,,,,,,,-258000000.0,,,,,,,,,,
440,IEX,,,,,,,,,,,,,489400000.0,,,,,,,,,,,,492600000.0,,,,,,,,,,,,517700000.0,,,,,,,,,,
441,KEY,,,,,,,,,,,,,4361000000.0,,,,,,,,,,,,1087000000.0,,,,,,,,,,,,1610000000.0,,,,,,,,,,
442,LHX,,,,,,,,,,,,,1906000000.0,,,,,,,,,,,,2345000000.0,,,,,,,,,,,,2422000000.0,,,,,,,,,,
443,LVS,1970000000.0,,,,,,,,,,,,-1575000000.0,,,,,,,,,,,,-824000000.0,,,,,,,,,,,,-2539000000.0,,,,,,,,,,
444,LDOS,,,,,,,,,,,,,857000000.0,,,,,,,,,,,,927000000.0,,,,,,,,,,,,1151000000.0,,,,,,,,,,
445,LYV,,,,,,,,,,,,,1478777000.0,,,,,,,,,,,,1620734000.0,,,,,,,,,,,,-1305997000.0,,,,,,,,,,
446,LMT,6229000000.0,,,,,,,,,,,,6132000000.0,,,,,,,,,,,,7699000000.0,,,,,,,,,,,,6417000000.0,,,,,,,,,,
447,LUMN,,,,,,,,,,,,,1719000000.0,,,,,,,,,,,,3601000000.0,,,,,,,,,,,,2795000000.0,,,,,,,,,,
448,MKTX,,,,,,,,,,,,,237359000.0,,,,,,,,,,,,231475000.0,,,,,,,,,,,,358861000.0,,,,,,,,,,
449,TAP,,,,,,,,,,,,,840600000.0,,,,,,,,,,,,1050900000.0,,,,,,,,,,,,1120900000.0,,,,,,,,,,
450,TAP-A,,,,,,,,,,,,,840600000.0,,,,,,,,,,,,1050900000.0,,,,,,,,,,,,1120900000.0,,,,,,,,,,
451,NOC,2100000000.0,,,,,,,,,,,,1466000000.0,,,,,,,,,,,,2152000000.0,,,,,,,,,,,,2885000000.0,,,,,,,,,,
452,NVR,,,,,,,,,,,,,1851673000.0,,,,,,,,,,,,1224518000.0,,,,,,,,,,,,909150000.0,,,,,,,,,,
453,ODFL,,,,,,,,,,,,,916434000.0,,,,,,,,,,,,662529000.0,,,,,,,,,,,,707943000.0,,,,,,,,,,
454,OTIS,1489000000.0,,,,,,,,,,,,1445000000.0,,,,,,,,,,,,1594000000.0,,,,,,,,,,,,1297000000.0,,,,,,,,,,
455,PAYC,,,,,,,,,,,,,228305000.0,,,,,,,,,,,,193170000.0,,,,,,,,,,,,133105000.0,,,,,,,,,,
456,PEP,,,,,,,,,,,,,5604000000.0,,,,,,,,,,,,6991000000.0,,,,,,,,,,,,6373000000.0,,,,,,,,,,
457,POOL,,,,,,,,,,,,,441235000.0,,,,,,,,,,,,275832000.0,,,,,,,,,,,,375879000.0,,,,,,,,,,
458,PFG,,,,,,,,,,,,,3056600000.0,,,,,,,,,,,,3124500000.0,,,,,,,,,,,,3600500000.0,,,,,,,,,,
459,REG,,,,,,,,,,,,,655815000.0,,,,,,,,,,,,659388000.0,,,,,,,,,,,,499118000.0,,,,,,,,,,
460,NOW,2704000000.0,,,,,,,,,,,,2173000000.0,,,,,,,,,,,,1799000000.0,,,,,,,,,,,,1354000000.0,,,,,,,,,,
461,TDY,,,,,,,,,,,,,394200000.0,,,,,,,,,,,,723000000.0,,,,,,,,,,,,547500000.0,,,,,,,,,,
462,TER,,,,,,,,,,,,,414674000.0,,,,,,,,,,,,965894000.0,,,,,,,,,,,,683958000.0,,,,,,,,,,
463,TXT,,,,,,,,,,,,,1134000000.0,,,,,,,,,,,,1223000000.0,,,,,,,,,,,,451000000.0,,,,,,,,,,
464,TT,2088900000.0,,,,,,,,,,,,1212200000.0,,,,,,,,,,,,1365300000.0,,,,,,,,,,,,1288800000.0,,,,,,,,,,
465,TDG,,,,1236000000.0,,,,,,,,,,,,829000000.0,,,,,,,,,,,,808000000.0,,,,,,,,,,,,1108000000.0,,,,,,,
466,TFC,,,,,,,,,,,,,10517000000.0,,,,,,,,,,,,7450000000.0,,,,,,,,,,,,6622000000.0,,,,,,,,,,
467,TYL,,,,,,,,,,,,,331304000.0,,,,,,,,,,,,316141000.0,,,,,,,,,,,,326623000.0,,,,,,,,,,
468,VTRS,,,,,,,,,,,,,2509600000.0,,,,,,,,,,,,2507500000.0,,,,,,,,,,,,550600000.0,,,,,,,,,,
469,WRB,,,,,,,,,,,,,2515920000.0,,,,,,,,,,,,2117353000.0,,,,,,,,,,,,1578515000.0,,,,,,,,,,
470,WST,,,,,,,,,,,,,439400000.0,,,,,,,,,,,,330600000.0,,,,,,,,,,,,298100000.0,,,,,,,,,,
471,XEL,,,,,,,,,,,,,-706000000.0,,,,,,,,,,,,-2055000000.0,,,,,,,,,,,,-2521000000.0,,,,,,,,,,
472,ZBRA,,,,,,,,,,,,,413000000.0,,,,,,,,,,,,1010000000.0,,,,,,,,,,,,895000000.0,,,,,,,,,,
473,KDP,,,,,,,,,,,,,2458000000.0,,,,,,,,,,,,2419000000.0,,,,,,,,,,,,1939000000.0,,,,,,,,,,
474,MTCH,,,,,,,,,,,,,476563000.0,,,,,,,,,,,,832528000.0,,,,,,,,,,,,759806000.0,,,,,,,,,,
475,MRNA,,,,,,,,,,,,,4581000000.0,,,,,,,,,,,,13336000000.0,,,,,,,,,,,,1959000000.0,,,,,,,,,,
476,CZR,,,,,,,,,,,,,12000000.0,,,,,,,,,,,,340000000.0,,,,,,,,,,,,-781000000.0,,,,,,,,,,
477,CRL,,,,,,,,,,,,,294907000.0,,,,,,,,,,,,532027000.0,,,,,,,,,,,,380015000.0,,,,,,,,,,
478,ENPH,,,,,,,,,,,,,698374000.0,,,,,,,,,,,,299520000.0,,,,,,,,,,,,195776000.0,,,,,,,,,,
479,GNRC,,,,,,,,,,,,,-27672000.0,,,,,,,,,,,,301164000.0,,,,,,,,,,,,424405000.0,,,,,,,,,,
480,MPWR,,,,,,,,,,,,,187831000.0,,,,,,,,,,,,224797000.0,,,,,,,,,,,,212193000.0,,,,,,,,,,
481,PTC,,,,586247000.0,,,,,,,,,,,,409379000.0,,,,,,,,,,,,343546000.0,,,,,,,,,,,,202562000.0,,,,,,,
482,TRMB,,,,,,,,,,,,,348000000.0,,,,,,,,,,,,704400000.0,,,,,,,,,,,,615200000.0,,,,,,,,,,
483,OGN,,,,,,,,,,,,,431000000.0,,,,,,,,,,,,1970000000.0,,,,,,,,,,,,1932000000.0,,,,,,,,,,
484,BBWI,,,,,,,,,,,,816000000.0,,,,,,,,,,,,1222000000.0,,,,,,,,,,,,1811000000.0,,,,,,,,,,,
485,TECH,,,,,,,216149000.0,,,,,,,,,,,,280364000.0,,,,,,,,,,,,307863000.0,,,,,,,,,,,,153473000.0,,,,
486,BRO,,,,,,,,,,,,,828800000.0,,,,,,,,,,,,763800000.0,,,,,,,,,,,,642300000.0,,,,,,,,,,
487,CDAY,,,,,,,,,,,,,38100000.0,,,,,,,,,,,,-14900000.0,,,,,,,,,,,,-90000000.0,,,,,,,,,,
488,IR,,,,,,,,,,,,,765700000.0,,,,,,,,,,,,551400000.0,,,,,,,,,,,,872300000.0,,,,,,,,,,
489,CTRA,,,,,,,,,,,,,3746000000.0,,,,,,,,,,,,939000000.0,,,,,,,,,,,,202000000.0,,,,,,,,,,
490,CPT,,,,,,,,,,,,,295281000.0,,,,,,,,,,,,148753000.0,,,,,,,,,,,,92072000.0,,,,,,,,,,
491,EPAM,,,,,,,,,,,,,382475000.0,,,,,,,,,,,,460826000.0,,,,,,,,,,,,475614000.0,,,,,,,,,,
492,FDS,,,,,584787000.0,,,,,,,,,,,,487121000.0,,,,,,,,,,,,493901000.0,,,,,,,,,,,,428198000.0,,,,,,
493,MOH,,,,,,,,,,,,,682000000.0,,,,,,,,,,,,2042000000.0,,,,,,,,,,,,1824000000.0,,,,,,,,,,
494,NDSN,,,606699000.0,,,,,,,,,,,,461703000.0,,,,,,,,,,,,507624000.0,,,,,,,,,,,,451886000.0,,,,,,,,
495,PARAA,,,,,,,,,,,,,-139000000.0,,,,,,,,,,,,599000000.0,,,,,,,,,,,,1970000000.0,,,,,,,,,,
496,PARA,,,,,,,,,,,,,-139000000.0,,,,,,,,,,,,599000000.0,,,,,,,,,,,,1970000000.0,,,,,,,,,,
497,SBNY,,,,,,,,,,,,,897356000.0,,,,,,,,,,,,847446000.0,,,,,,,,,,,,869321000.0,,,,,,,,,,
498,SEDG,,,,,,,,,,,,,-138057000.0,,,,,,,,,,,,64878000.0,,,,,,,,,,,,95865000.0,,,,,,,,,,
499,WBD,,,,,,,,,,,,,3317000000.0,,,,,,,,,,,,2425000000.0,,,,,,,,,,,,2337000000.0,,,,,,,,,,
500,CSGP,,,,,,,,,,,,,420046000.0,,,,,,,,,,,,404511000.0,,,,,,,,,,,,437759000.0,,,,,,,,,,
501,ELV,,,,,,,,,,,,,7247000000.0,,,,,,,,,,,,7277000000.0,,,,,,,,,,,,9667000000.0,,,,,,,,,,
502,EQT,,,,,,,,,,,,,2065117000.0,,,,,,,,,,,,607320000.0,,,,,,,,,,,,495470000.0,,,,,,,,,,
503,INVH,,,,,,,,,,,,,815517000.0,,,,,,,,,,,,744828000.0,,,,,,,,,,,,524428000.0,,,,,,,,,,
504,ON,401900000.0,,,,,,,,,,,,1597100000.0,,,,,,,,,,,,1290000000.0,,,,,,,,,,,,400700000.0,,,,,,,,,,
505,PCG,,,,,,,,,,,,,-5863000000.0,,,,,,,,,,,,-5427000000.0,,,,,,,,,,,,-26737000000.0,,,,,,,,,,
506,TRGP,,,,,,,,,,,,,1046500000.0,,,,,,,,,,,,1797800000.0,,,,,,,,,,,,792900000.0,,,,,,,,,,
507,VICI,,,,,,,,,,,,,1941520000.0,,,,,,,,,,,,893845000.0,,,,,,,,,,,,880872000.0,,,,,,,,,,
508,ACGL,,,,,,,,,,,,,3763555000.0,,,,,,,,,,,,3386161000.0,,,,,,,,,,,,2846633000.0,,,,,,,,,,
509,META,43847000000.0,,,,,,,,,,,,19044000000.0,,,,,,,,,,,,38993000000.0,,,,,,,,,,,,23584000000.0,,,,,,,,,,
510,GEN,,,,,,,,,,751000000.0,,,,,,,,,,,,968000000.0,,,,,,,,,,,,700000000.0,,,,,,,,,,,,-950000000.0,
